algorithm,params,n_clusters,silhouette,davies_bouldin,ARI,NMI
K-Means,k=2,2,0.4539319860992555,1.857874509965952,0.2985369502563395,0.17872346196791078
Hierarchical,linkage=ward,2,0.42743228585782544,1.9317555686912882,0.21271349033681022,0.14600121826940127
DBSCAN,"eps=2.13, ms=10",18,0.39517795206344203,0.7493184549912926,0.0878354487636379,0.2381840304743387
